name,linkedin_url,website,geography,industry,employees_on_linkedin,companyId
"Design Integrity, Inc.",https://www.linkedin.com/sales/accounts/insights?companyId=114003,http://www.designintegrity.com,Greater Chicago Area,Design,29 employees on LinkedIn,114003
Industrial Design Fabrication,https://www.linkedin.com/sales/accounts/insights?companyId=578083,http://www.idfi.com,"Sioux City, Iowa Area",Design,25 employees on LinkedIn,578083
Industrial Design Outreach (iDo),https://www.linkedin.com/sales/accounts/insights?companyId=1128855,http://www.industrialdesignoutreach.org,United States,Design,1 employees on LinkedIn,1128855
M Industrial Design,https://www.linkedin.com/sales/accounts/insights?companyId=480407,http://www.idbym.com,Greater Los Angeles Area,Design,6 employees on LinkedIn,480407
Industrial Design and Emotion,https://www.linkedin.com/sales/accounts/insights?companyId=11139671,http://idande.com/,Greater New York City Area,Design,0 employees on LinkedIn,11139671
Industrial Design Svc,https://www.linkedin.com/sales/accounts/insights?companyId=4025122,http://www.idsincorp.com,,Design,0 employees on LinkedIn,4025122
Design Works International,https://www.linkedin.com/sales/accounts/insights?companyId=3519507,http://www.designworksintl.com,Greater New York City Area,Design,14 employees on LinkedIn,3519507
"Industrial Design Services, Inc.",https://www.linkedin.com/sales/accounts/insights?companyId=17967038,http://www.idsincorp.com,"Spokane, Washington Area",Mechanical or Industrial Engineering,4 employees on LinkedIn,17967038
RIT Industrial Design,https://www.linkedin.com/sales/accounts/insights?companyId=25046168,http://industrialdesign.cias.rit.edu/,,Design,1 employees on LinkedIn,25046168
JPH Industrial Design,https://www.linkedin.com/sales/accounts/insights?companyId=2203176,http://www.jphid.com,Greater Chicago Area,Design,1 employees on LinkedIn,2203176
Design Concepts,https://www.linkedin.com/sales/accounts/insights?companyId=38784,http://www.design-concepts.com,"Madison, Wisconsin Area",Design,200 employees on LinkedIn,38784
"Design Solutions, Inc.",https://www.linkedin.com/sales/accounts/insights?companyId=2308244,http://www.design-solutions.com,Greater Minneapolis-St. Paul Area,Design,22 employees on LinkedIn,2308244
"Industrial Designhaus, LLC",https://www.linkedin.com/sales/accounts/insights?companyId=2149245,http://www.industrialdesignhaus.com/,"Pueblo, Colorado Area",Design,3 employees on LinkedIn,2149245
"Design Contact, Inc.",https://www.linkedin.com/sales/accounts/insights?companyId=270875,http://www.designcontact.com,Greater New York City Area,Design,4 employees on LinkedIn,270875
Design Central,https://www.linkedin.com/sales/accounts/insights?companyId=28928,http://www.designcentral.com/,"Columbus, Ohio Area",Design,54 employees on LinkedIn,28928
Mustang Industrial Design,https://www.linkedin.com/sales/accounts/insights?companyId=10395975,http://www.mustangindustrialdesign.com,United States,Design,3 employees on LinkedIn,10395975
Open Square: Architecture,https://www.linkedin.com/sales/accounts/insights?companyId=2792500,http://www.opensquaredesign.com,Greater New York City Area,Design,6 employees on LinkedIn,2792500
Design,https://www.linkedin.com/sales/accounts/insights?companyId=2951729,http://www.plusdesignllc.com,Greater Milwaukee Area,Design,0 employees on LinkedIn,2951729
EnMasse Industrial Design,https://www.linkedin.com/sales/accounts/insights?companyId=408755,http://www.enmassedesign.com,San Francisco Bay Area,Design,6 employees on LinkedIn,408755
Box Clever - Industrial Design   Brand Strategy,https://www.linkedin.com/sales/accounts/insights?companyId=2775886,http://www.bxclvr.com,San Francisco Bay Area,Design,12 employees on LinkedIn,2775886
Studio 20 Design - Industrial Design,https://www.linkedin.com/sales/accounts/insights?companyId=10685246,http://studio20designsf.com,San Francisco Bay Area,Design,2 employees on LinkedIn,10685246
"Industrial Design and Fabrication, Inc.",https://www.linkedin.com/sales/accounts/insights?companyId=3879076,http://idf-tn.com/,"Greater Nashville Area, TN",Mechanical or Industrial Engineering,9 employees on LinkedIn,3879076
TXS Industrial Design,https://www.linkedin.com/sales/accounts/insights?companyId=122399,http://www.txsdesign.com,Dallas/Fort Worth Area,Design,12 employees on LinkedIn,122399
Industrial Accessories Company,https://www.linkedin.com/sales/accounts/insights?companyId=258630,http://www.iac-intl.com,"Kansas City, Missouri Area",Mechanical or Industrial Engineering,76 employees on LinkedIn,258630
Tonic Industrial Design,https://www.linkedin.com/sales/accounts/insights?companyId=16163703,http://www.tonicindustrialdesign.com,,Design,0 employees on LinkedIn,16163703
"design since, inc.",https://www.linkedin.com/sales/accounts/insights?companyId=586942,http://www.designsince.com,Greater New York City Area,Design,2 employees on LinkedIn,586942
Kaleidoscope Innovation and Product Design,https://www.linkedin.com/sales/accounts/insights?companyId=18232,http://kascope.com,"Cincinnati, Ohio Area",Design,181 employees on LinkedIn,18232
fuseproject,https://www.linkedin.com/sales/accounts/insights?companyId=53904,http://fuseproject.com,San FranciscoBay Area,Design,111 employees on LinkedIn,53904
Design Directives,https://www.linkedin.com/sales/accounts/insights?companyId=8837321,http://www.susanherskerasid.com/,,Design,5 employees on LinkedIn,8837321
Goddard Inc.,https://www.linkedin.com/sales/accounts/insights?companyId=143794,http://www.goddardtech.com,GreaterBoston Area,Mechanical or Industrial Engineering,94 employees on LinkedIn,143794
"KDA Industrial Design Consultants, Inc.",https://www.linkedin.com/sales/accounts/insights?companyId=8519379,,,Design,1 employees on LinkedIn,8519379
Harlan Industrial Design Co,https://www.linkedin.com/sales/accounts/insights?companyId=6713263,http://www.harlandesign.com/,,Design,1 employees on LinkedIn,6713263
Klitsner Industrial Design Inc,https://www.linkedin.com/sales/accounts/insights?companyId=8343311,http://www.klitsner.com,,Design,0 employees on LinkedIn,8343311
Artefact,https://www.linkedin.com/sales/accounts/insights?companyId=219573,http://www.artefactgroup.com,Greater Seattle Area,Design,105 employees on LinkedIn,219573
"DesignPoint Industrial Design Studio, Inc.",https://www.linkedin.com/sales/accounts/insights?companyId=27231754,http://www.designpoint.biz,Greater Boston Area,Design,1 employees on LinkedIn,27231754
Bartell Industrial Design,https://www.linkedin.com/sales/accounts/insights?companyId=8534122,,,Design,1 employees on LinkedIn,8534122
Optimal Design,https://www.linkedin.com/sales/accounts/insights?companyId=47317,http://www.optimaldesignco.com,Greater Chicago Area,Design,54 employees on LinkedIn,47317
Matter®,https://www.linkedin.com/sales/accounts/insights?companyId=3528897,http://www.matterglobal.com,San Francisco Bay Area,Design,16 employees on LinkedIn,3528897
Connell Industrial Design,https://www.linkedin.com/sales/accounts/insights?companyId=4338808,http://www.connell-ind.com/,,Design,1 employees on LinkedIn,4338808
"tool, Inc. Product Design",https://www.linkedin.com/sales/accounts/insights?companyId=71623,http://www.toolinc.com,Greater Boston Area,Design,41 employees on LinkedIn,71623
"DesignDesign, Inc.",https://www.linkedin.com/sales/accounts/insights?companyId=284804,http://www.designdesignonline.com,Greater Philadelphia Area,Design,19 employees on LinkedIn,284804
FATHOM oakland|seattle,https://www.linkedin.com/sales/accounts/insights?companyId=2263279,http://studiofathom.com,San Francisco Bay Area,Mechanical or Industrial Engineering,74 employees on LinkedIn,2263279
Project H Design,https://www.linkedin.com/sales/accounts/insights?companyId=416791,http://projecthdesign.org,San Francisco Bay Area,Design,11 employees on LinkedIn,416791
"Product Insight, Inc.",https://www.linkedin.com/sales/accounts/insights?companyId=2409888,http://www.productinsight.com,Greater Boston Area,Design,16 employees on LinkedIn,2409888
"Catalyst Product Development Group, Inc.",https://www.linkedin.com/sales/accounts/insights?companyId=216839,http://www.catalystpdg.com/,"Indianapolis, Indiana Area",Design,19 employees on LinkedIn,216839
Tune Koshy Industrial Design,https://www.linkedin.com/sales/accounts/insights?companyId=11512655,http://www.tunekoshypd.com,Greater Chicago Area,Design,1 employees on LinkedIn,11512655
"Donald Thompson Industrial Design, Inc.",https://www.linkedin.com/sales/accounts/insights?companyId=8095708,,,Design,0 employees on LinkedIn,8095708
Nectar Product Development,https://www.linkedin.com/sales/accounts/insights?companyId=239288,http://nectarpd.com,Greater Los Angeles Area,Design,17 employees on LinkedIn,239288
Coho Creative,https://www.linkedin.com/sales/accounts/insights?companyId=99910,http://www.cohocreative.com,"Cincinnati, Ohio Area",Design,41 employees on LinkedIn,99910
ROBRADY design,https://www.linkedin.com/sales/accounts/insights?companyId=147344,http://www.robrady.com,"Sarasota,Florida Area",Design,25 employees on LinkedIn,147344
Institute for Human Centered Design,https://www.linkedin.com/sales/accounts/insights?companyId=1680067,http://www.ihcdesign.org/,Greater Boston Area,Design,34 employees on LinkedIn,1680067
Displayit Inc.,https://www.linkedin.com/sales/accounts/insights?companyId=464438,http://www.displayitinc.com,"Orange County, California Area",Design,28 employees on LinkedIn,464438
Enventys,https://www.linkedin.com/sales/accounts/insights?companyId=40555,http://www.enventys.com,"Charlotte, North Carolina Area",Design,20 employees on LinkedIn,40555
Vapor Studio,https://www.linkedin.com/sales/accounts/insights?companyId=613904,http://www.vapor-studio.com,Greater San Diego Area,Design,15 employees on LinkedIn,613904
Alloy Product Development,https://www.linkedin.com/sales/accounts/insights?companyId=594993,http://www.alloypd.com,San Francisco Bay Area,Design,35 employees on LinkedIn,594993
Curve ID,https://www.linkedin.com/sales/accounts/insights?companyId=446338,http://www.curveid.com,Greater New York City Area,Design,7 employees on LinkedIn,446338
Team Design Group,https://www.linkedin.com/sales/accounts/insights?companyId=2925202,http://www.teamdesigngroup.com,Greater Philadelphia Area,Design,12 employees on LinkedIn,2925202
Mike,https://www.linkedin.com/sales/accounts/insights?companyId=2995668,http://www.mikeandmaaike.com,United States,Design,2 employees on LinkedIn,2995668
"Fredricks Design, Inc.",https://www.linkedin.com/sales/accounts/insights?companyId=144064,http://www.fredricks.com,,Design,16 employees on LinkedIn,144064
Broadview Product Development,https://www.linkedin.com/sales/accounts/insights?companyId=2595273,http://www.broadviewproduct.com,"Greater Grand Rapids, Michigan Area",Mechanical or Industrial Engineering,29 employees on LinkedIn,2595273
IDEAZ,https://www.linkedin.com/sales/accounts/insights?companyId=365913,http://www.ideaz.tech,"Hartford, Connecticut Area",Design,26 employees on LinkedIn,365913
Geremia Design,https://www.linkedin.com/sales/accounts/insights?companyId=1706872,http://geremiadesign.com,San Francisco Bay Area,Design,10 employees on LinkedIn,1706872
HDS Industrial Design and Drafting,https://www.linkedin.com/sales/accounts/insights?companyId=3332322,http://www.hdsidd.com,"Buffalo/Niagara, New York Area",Mechanical or Industrial Engineering,1 employees on LinkedIn,3332322
Y Studios,https://www.linkedin.com/sales/accounts/insights?companyId=2363467,http://www.ystudios.com,San Francisco Bay Area,Design,8 employees on LinkedIn,2363467
Marquardt,https://www.linkedin.com/sales/accounts/insights?companyId=142081,http://www.marquardtplus.com,Greater Chicago Area,Design,11 employees on LinkedIn,142081
KEM STUDIO,https://www.linkedin.com/sales/accounts/insights?companyId=1257551,http://www.kemstudio.com,"Kansas City, Missouri Area",Design,16 employees on LinkedIn,1257551
STELdesign,https://www.linkedin.com/sales/accounts/insights?companyId=10247240,http://steldesign.com/,"Santa Barbara, California Area",Design,9 employees on LinkedIn,10247240
Enhance Product Development,https://www.linkedin.com/sales/accounts/insights?companyId=1408733,https://enhancepd.com/,United States,Design,13 employees on LinkedIn,1408733
Tiger Studio,https://www.linkedin.com/sales/accounts/insights?companyId=2051309,http://www.tigerstudiodesign.com,"Greater Grand Rapids, Michigan Area",Design,20 employees on LinkedIn,2051309
KEK Associates Inc.,https://www.linkedin.com/sales/accounts/insights?companyId=103566,http://kekdesign.com,"Rochester, New York Area",Design,34 employees on LinkedIn,103566
"DT Engineering Associates, Inc.",https://www.linkedin.com/sales/accounts/insights?companyId=1326567,http://www.dtengineer.com,"Sacramento, California Area",Mechanical or Industrial Engineering,9 employees on LinkedIn,1326567
Humid Creative Agency,https://www.linkedin.com/sales/accounts/insights?companyId=672345,http://www.humidcreative.com,Greater Philadelphia Area,Design,7 employees on LinkedIn,672345
"Modern Edge, Inc.",https://www.linkedin.com/sales/accounts/insights?companyId=604134,http://www.modernedge.com,"Portland, Oregon Area",Design,10 employees on LinkedIn,604134
ATOM Innovation   Product Development (Formerly ATOMdesign),https://www.linkedin.com/sales/accounts/insights?companyId=611382,http://www.atom-inc.co,"Phoenix, Arizona Area",Mechanical or Industrial Engineering,10 employees on LinkedIn,611382
"Mec Us, Inc.",https://www.linkedin.com/sales/accounts/insights?companyId=3747329,http://www.mecengineering.us,Greater Detroit Area,Mechanical or Industrial Engineering,9 employees on LinkedIn,3747329
Blur Product Development,https://www.linkedin.com/sales/accounts/insights?companyId=10456657,http://www.blurpd.com,"Raleigh-Durham, North Carolina Area",Design,14 employees on LinkedIn,10456657
Keystone Solutions Group,https://www.linkedin.com/sales/accounts/insights?companyId=487428,http://www.keystone-pd.com,"Kalamazoo, Michigan Area",Mechanical or Industrial Engineering,17 employees on LinkedIn,487428
Enginuity Works,https://www.linkedin.com/sales/accounts/insights?companyId=90499,http://www.enginuityworks.com,Greater Atlanta Area,Mechanical or Industrial Engineering,7 employees on LinkedIn,90499
ShineOnLED,https://www.linkedin.com/sales/accounts/insights?companyId=3327424,http://www.shineonled.com,San Francisco Bay Area,Design,4 employees on LinkedIn,3327424
Empire Group,https://www.linkedin.com/sales/accounts/insights?companyId=604291,http://www.empiregroupusa.com,"Providence, Rhode Island Area",Design,17 employees on LinkedIn,604291
Cerno LLC,https://www.linkedin.com/sales/accounts/insights?companyId=1677136,http://www.cernogroup.com/,"Orange County, California Area",Design,16 employees on LinkedIn,1677136
Leardon Solutions,https://www.linkedin.com/sales/accounts/insights?companyId=770735,http://www.leardon.com,Greater San Diego Area,Mechanical or Industrial Engineering,4 employees on LinkedIn,770735
Amron,https://www.linkedin.com/sales/accounts/insights?companyId=2496335,http://AmronExperimental.com,Greater NewYork City Area,Design,23 employees on LinkedIn,2496335
Conceptopolis,https://www.linkedin.com/sales/accounts/insights?companyId=615287,http://www.conceptopolis.com,"Cincinnati, Ohio Area",Design,4 employees on LinkedIn,615287
Satellite // Innovation,https://www.linkedin.com/sales/accounts/insights?companyId=2325206,http://satelliteid.com/,United States,Design,3 employees on LinkedIn,2325206
International Center for Creativity,https://www.linkedin.com/sales/accounts/insights?companyId=840126,http://www.iccreativity.com,"Columbus, Ohio Area",Design,16 employees on LinkedIn,840126
"Samson Design Associates, Inc",https://www.linkedin.com/sales/accounts/insights?companyId=3309252,http://www.samsondesign.com,Greater Denver Area,Design,5 employees on LinkedIn,3309252
Shea Latone Design Development,https://www.linkedin.com/sales/accounts/insights?companyId=1527403,http://www.shealatone.com,Greater Philadelphia Area,Design,10 employees on LinkedIn,1527403
Zukun Plan LLC,https://www.linkedin.com/sales/accounts/insights?companyId=2986089,http://www.zukun.com,"Columbus, Ohio Area",Design,17 employees on LinkedIn,2986089
Montie Design,https://www.linkedin.com/sales/accounts/insights?companyId=2217588,http://www.montie.com,"Raleigh-Durham, North Carolina Area",Design,3 employees on LinkedIn,2217588
Metropolis Design,https://www.linkedin.com/sales/accounts/insights?companyId=2749430,http://www.metropolisdesign.com,Greater Salt Lake City Area,Design,20 employees on LinkedIn,2749430
Kollabra Consulting,https://www.linkedin.com/sales/accounts/insights?companyId=3880828,http://www.kollabra.com,"Sacramento, California Area",Mechanical or Industrial Engineering,11 employees on LinkedIn,3880828
Trigon Mechanical Design,https://www.linkedin.com/sales/accounts/insights?companyId=1000014,http://www.trigonmech.com/,Greater Chicago Area,Mechanical or Industrial Engineering,1 employees on LinkedIn,1000014
Metaform Product Development,https://www.linkedin.com/sales/accounts/insights?companyId=221628,http://www.metaformdesign.com,San Francisco Bay Area,Design,1 employees on LinkedIn,221628
Mean Design Studio,https://www.linkedin.com/sales/accounts/insights?companyId=3360482,http://www.meandesignstudio.com,,Design,1 employees on LinkedIn,3360482
Pro Solid Design,https://www.linkedin.com/sales/accounts/insights?companyId=2401096,http://www.prosoliddesign.com,,Mechanical or Industrial Engineering,1 employees on LinkedIn,2401096
Jakes Cafe,https://www.linkedin.com/sales/accounts/insights?companyId=1994128,http://www.jakescafe.net,"Sheboygan,Wisconsin Area",Design,11 employees on LinkedIn,1994128
DesignThink,https://www.linkedin.com/sales/accounts/insights?companyId=490617,http://www.designthinkstudios.com,Greater Philadelphia Area,Design,11 employees on LinkedIn,490617
Objex Design,https://www.linkedin.com/sales/accounts/insights?companyId=3940476,http://www.objexdesign.com,Greater St. Louis Area,Design,7 employees on LinkedIn,3940476
IDE Inc.,https://www.linkedin.com/sales/accounts/insights?companyId=921746,http://www.ideinc.com,San Francisco Bay Area,Design,8 employees on LinkedIn,921746
"Creative Design Network, Inc.",https://www.linkedin.com/sales/accounts/insights?companyId=261880,http://cdn-inc.com,Greater Milwaukee Area,Mechanical or Industrial Engineering,8 employees on LinkedIn,261880
Taipei Design Center U.S.,https://www.linkedin.com/sales/accounts/insights?companyId=1195422,http://www.tdcus.com,San Francisco Bay Area,Design,5 employees on LinkedIn,1195422
Bazza Design,https://www.linkedin.com/sales/accounts/insights?companyId=2122501,http://www.bazzadesign.com,"Greater Grand Rapids, Michigan Area",Design,4 employees on LinkedIn,2122501
Vertex Product Development Inc.,https://www.linkedin.com/sales/accounts/insights?companyId=1124458,http://www.vertexpd.com,Greater New York City Area,Design,2 employees on LinkedIn,1124458
"CB Design, Inc.",https://www.linkedin.com/sales/accounts/insights?companyId=2370836,http://www.cbdesinc.com,,Design,4 employees on LinkedIn,2370836
"FlatHED, Inc.",https://www.linkedin.com/sales/accounts/insights?companyId=672525,http://www.flathed.com,"Portland, Oregon Area",Design,3 employees on LinkedIn,672525
"Form Factory, Inc.",https://www.linkedin.com/sales/accounts/insights?companyId=268434,http://www.formfactoryinc.com,"Portland, Oregon Area",Design,10 employees on LinkedIn,268434
Alex Design,https://www.linkedin.com/sales/accounts/insights?companyId=1745764,http://www.alexrobertsdesign.com,,Design,8 employees on LinkedIn,1745764
"SnS Design, Inc",https://www.linkedin.com/sales/accounts/insights?companyId=10627492,http://www.snsdesign.com,Greater New York City Area,Design,10 employees on LinkedIn,10627492
Taylor Boswell,https://www.linkedin.com/sales/accounts/insights?companyId=2020069,http://www.taylorboswell.co.uk,"Fayetteville, Arkansas Area",Design,3 employees on LinkedIn,2020069
Bigshot Toyworks,https://www.linkedin.com/sales/accounts/insights?companyId=879126,http://www.bigshottoyworks.com,United States,Design,3 employees on LinkedIn,879126
deepLABS,https://www.linkedin.com/sales/accounts/insights?companyId=2578141,http://www.deeplabs.com,Greater Chicago Area,Design,1 employees on LinkedIn,2578141
NORDEN German Design Studio,https://www.linkedin.com/sales/accounts/insights?companyId=3311527,http://norden-design.com/,"Urbana-Champaign, Illinois Area",Design,4 employees on LinkedIn,3311527
"Bambootility Media, LLC",https://www.linkedin.com/sales/accounts/insights?companyId=2321194,http://www.bambootility.com/,"Orlando, Florida Area",Mechanical or Industrial Engineering,1 employees on LinkedIn,2321194
Io Design,https://www.linkedin.com/sales/accounts/insights?companyId=1132679,http://io-id.com,San Francisco Bay Area,Design,4 employees on LinkedIn,1132679
"Distoric Design Group, LLC.",https://www.linkedin.com/sales/accounts/insights?companyId=440944,http://www.distoric.com,"Phoenix, Arizona Area",Design,1 employees on LinkedIn,440944
Kroll Associates,https://www.linkedin.com/sales/accounts/insights?companyId=882681,http://www.krollassoc.com,"Springfield, Massachusetts Area",Design,11 employees on LinkedIn,882681
"Impressive Prototypes, LLC",https://www.linkedin.com/sales/accounts/insights?companyId=339677,http://www.impressiveprototypes.com,"Indianapolis, Indiana Area",Design,7 employees on LinkedIn,339677
Standard Issue,https://www.linkedin.com/sales/accounts/insights?companyId=10404029,http://standardissuedesign.com/,Greater New York City Area,Design,13 employees on LinkedIn,10404029
"Atus Design, LLC.",https://www.linkedin.com/sales/accounts/insights?companyId=695107,http://www.atusdesign.com,Greater New York City Area,Design,4 employees on LinkedIn,695107
"Logue Studio Design, Inc.",https://www.linkedin.com/sales/accounts/insights?companyId=2079898,http://www.loguestudiodesign.com,San Francisco Bay Area,Design,2 employees on LinkedIn,2079898
Lyons/Zaremba Inc.,https://www.linkedin.com/sales/accounts/insights?companyId=610491,http://www.lyonszaremba.com,Greater Boston Area,Design,7 employees on LinkedIn,610491
"CS Design Group, Inc.",https://www.linkedin.com/sales/accounts/insights?companyId=862428,http://www.csdesigngrp.com,Greater New York City Area,Mechanical or Industrial Engineering,1 employees on LinkedIn,862428
Villency Design Group,https://www.linkedin.com/sales/accounts/insights?companyId=15177748,http://www.villency.com,Greater New York City Area,Design,5 employees on LinkedIn,15177748
"Integrated Design Systems, Inc.",https://www.linkedin.com/sales/accounts/insights?companyId=2761354,http://www.idsys.com/,Greater New York City Area,Design,3 employees on LinkedIn,2761354
Airspace Design Inc.,https://www.linkedin.com/sales/accounts/insights?companyId=10633066,http://www.airspace.nyc,United States,Design,3 employees on LinkedIn,10633066
Red Dog Run Design,https://www.linkedin.com/sales/accounts/insights?companyId=2215741,http://www.reddogrun.com,"Orlando, Florida Area",Design,1 employees on LinkedIn,2215741
"PENCIL | Design, Visualization,",https://www.linkedin.com/sales/accounts/insights?companyId=3119948,http://www.pencilviz.com,"Buffalo/Niagara, New York Area",Design,1 employees on LinkedIn,3119948
Probasco Design,https://www.linkedin.com/sales/accounts/insights?companyId=3929400,http://www.probascodesign.com,,Mechanical or Industrial Engineering,3 employees on LinkedIn,3929400
Stapleton Design Group,https://www.linkedin.com/sales/accounts/insights?companyId=1166583,http://www.stapletondesigngroup.com,Greater Denver Area,Design,3 employees on LinkedIn,1166583
"Garrett Heilbrun Technology Partners, LLC",https://www.linkedin.com/sales/accounts/insights?companyId=10086812,http://www.garrettheilbrun.com,Dallas/Fort Worth Area,Mechanical or Industrial Engineering,4 employees on LinkedIn,10086812
Vaninetti Design,https://www.linkedin.com/sales/accounts/insights?companyId=3017345,http://www.vaninetti.com,San Francisco Bay Area,Design,1 employees on LinkedIn,3017345
Tom Robbins Design,https://www.linkedin.com/sales/accounts/insights?companyId=1067175,http://www.customfaucets.com,San Francisco Bay Area,Design,0 employees on LinkedIn,1067175
Qualitative Design Research Group,https://www.linkedin.com/sales/accounts/insights?companyId=626454,,Greater St. Louis Area,Design,0 employees on LinkedIn,626454
Product Ventures,https://www.linkedin.com/sales/accounts/insights?companyId=247463,http://www.productventures.com,Greater New York City Area,Design,49 employees on LinkedIn,247463
Redpoint Studios,https://www.linkedin.com/sales/accounts/insights?companyId=290136,http://www.redpointstudios.com,Greater Boston Area,Design,1 employees on LinkedIn,290136
Elevation Lab,https://www.linkedin.com/sales/accounts/insights?companyId=371722,http://www.elevationlab.com/,"Portland, Oregon Area",Design,5 employees on LinkedIn,371722
"Secret Agent Design, Inc.",https://www.linkedin.com/sales/accounts/insights?companyId=423202,http://www.secretagentdesign.com,Greater Atlanta Area,Design,6 employees on LinkedIn,423202
Totem Products LLC,https://www.linkedin.com/sales/accounts/insights?companyId=2677745,http://www.TotemLLC.com,,Design,2 employees on LinkedIn,2677745
Form Factor,https://www.linkedin.com/sales/accounts/insights?companyId=4804797,http://designformfactor.com/,"Kansas City, Missouri Area",Design,6 employees on LinkedIn,4804797
Harbour Mechanical Corporation,https://www.linkedin.com/sales/accounts/insights?companyId=5993843,http://www.harbourmech.com,,Mechanical or Industrial Engineering,10 employees on LinkedIn,5993843
"HALTER Design, LTD.",https://www.linkedin.com/sales/accounts/insights?companyId=2021813,http://www.halterdesign.com,United States,Design,4 employees on LinkedIn,2021813
lowercase collective llc,https://www.linkedin.com/sales/accounts/insights?companyId=1301087,http://www.lwrsf.com,United States,Design,3 employees on LinkedIn,1301087
Pixel And Timber,https://www.linkedin.com/sales/accounts/insights?companyId=16187961,http://www.pixelandtimber.com,"Cincinnati, Ohio Area",Design,3 employees on LinkedIn,16187961
LaunchLab Product Design,https://www.linkedin.com/sales/accounts/insights?companyId=5023998,http://www.launchlabdesign.com,Greater Atlanta Area,Design,0 employees on LinkedIn,5023998
William Adams Design,https://www.linkedin.com/sales/accounts/insights?companyId=1946855,http://www.williamadamsdesign.com,,Design,1 employees on LinkedIn,1946855
Bayard Design LLC,https://www.linkedin.com/sales/accounts/insights?companyId=10267233,http://www.bayarddesign.com,,Mechanical or Industrial Engineering,2 employees on LinkedIn,10267233
WhiteLight Design Inc,https://www.linkedin.com/sales/accounts/insights?companyId=3908458,http://www.whitelightdesign.com,Greater Atlanta Area,Design,2 employees on LinkedIn,3908458
Studio Weber and Associates,https://www.linkedin.com/sales/accounts/insights?companyId=2985238,http://studioweber.net,Greater Minneapolis-St. Paul Area,Design,3 employees on LinkedIn,2985238
Studio Murmur,https://www.linkedin.com/sales/accounts/insights?companyId=1726906,http://www.studiomurmur.net,United States,Design,1 employees on LinkedIn,1726906
KDS Group - Kreato Design Studio,https://www.linkedin.com/sales/accounts/insights?companyId=10531355,http://www.kdsgroup.us,San Francisco Bay Area,Design,3 employees on LinkedIn,10531355
Polivka Logan,https://www.linkedin.com/sales/accounts/insights?companyId=2927655,http://www.logicpd.com,Greater Minneapolis-St. Paul Area,Design,0 employees on LinkedIn,2927655
Schwae Design,https://www.linkedin.com/sales/accounts/insights?companyId=360178,http://www.schwaedesign.com,"Cleveland/Akron, Ohio Area",Design,0 employees on LinkedIn,360178
ICS Chillers,https://www.linkedin.com/sales/accounts/insights?companyId=3790843,http://www.icschillers.com/,,Mechanical or Industrial Engineering,1 employees on LinkedIn,3790843
NRGXP,https://www.linkedin.com/sales/accounts/insights?companyId=5237057,http://www.nrgxp.com,"Rochester, New YorkArea",Design,7 employees on LinkedIn,5237057
Mede Technologies,https://www.linkedin.com/sales/accounts/insights?companyId=254689,http://www.mede-tech.com,"Raleigh-Durham, North Carolina Area",Mechanical or Industrial Engineering,4 employees on LinkedIn,254689
Icon Air,https://www.linkedin.com/sales/accounts/insights?companyId=4382378,http://www.iconaircraft.com/,"Cleveland/Akron, Ohio Area",Design,9 employees on LinkedIn,4382378
Bike Lab,https://www.linkedin.com/sales/accounts/insights?companyId=2307072,http://www.bicyclelaboratory.org,,Design,4 employees on LinkedIn,2307072
G K Design,https://www.linkedin.com/sales/accounts/insights?companyId=8566967,http://www.gk-design.co.jp/english.html,,Design,13 employees on LinkedIn,8566967
Fresco Design,https://www.linkedin.com/sales/accounts/insights?companyId=18595582,http://www.fresco-design.com,Greater Boston Area,Design,3 employees on LinkedIn,18595582
Mitchell Design Solutions Inc,https://www.linkedin.com/sales/accounts/insights?companyId=747153,http://mitchelldesignsolutions.com,Greater Los Angeles Area,Design,1 employees on LinkedIn,747153
Exciting Inc,https://www.linkedin.com/sales/accounts/insights?companyId=1497998,http://excitinginc.com,WashingtonD.C. Metro Area,Design,2 employees on LinkedIn,1497998
Ricchio Design,https://www.linkedin.com/sales/accounts/insights?companyId=10369579,http://ricchiodesign.com,United States,Design,3 employees on LinkedIn,10369579
Synergy Art and Design,https://www.linkedin.com/sales/accounts/insights?companyId=561845,http://www.synergyartanddesign.com,Greater Los Angeles Area,Design,4 employees on LinkedIn,561845
Inventures,https://www.linkedin.com/sales/accounts/insights?companyId=18340406,http://www.iancoatsmaccoll.com,SanFrancisco Bay Area,Design,0 employees on LinkedIn,18340406
"Famiano Design Group, Inc.",https://www.linkedin.com/sales/accounts/insights?companyId=2764123,http://fdg-ws.com,"Greensboro/Winston-Salem, North Carolina Area",Design,1 employees on LinkedIn,2764123
"Keck-Craig, Inc.",https://www.linkedin.com/sales/accounts/insights?companyId=443094,http://www.keckcraig.com,Greater Los Angeles Area,Design,8 employees on LinkedIn,443094
KeepHuman,https://www.linkedin.com/sales/accounts/insights?companyId=3551388,http://keephuman.com,Greater Salt Lake City Area,Design,1 employees on LinkedIn,3551388
"Designspring, Inc.",https://www.linkedin.com/sales/accounts/insights?companyId=3298486,http://www.designspring.com,Greater New York City Area,Design,6 employees on LinkedIn,3298486
"Coyote Concepts, Inc.",https://www.linkedin.com/sales/accounts/insights?companyId=2120542,http://www.coyoteconcepts.com,Greater San Diego Area,Design,2 employees on LinkedIn,2120542
STAUFFER DESIGN INC.,https://www.linkedin.com/sales/accounts/insights?companyId=3340364,http://www.staufferdesign.com,Greater Atlanta Area,Design,1 employees on LinkedIn,3340364
ZERO1 LLC,https://www.linkedin.com/sales/accounts/insights?companyId=634143,http://WWW.ZERO1.COM,"Greater Grand Rapids, Michigan Area",Design,1 employees on LinkedIn,634143
Studio ReDesign,https://www.linkedin.com/sales/accounts/insights?companyId=2631847,http://www.studioredesign.com,Greater San Diego Area,Design,3 employees on LinkedIn,2631847
Iver Design,https://www.linkedin.com/sales/accounts/insights?companyId=18254986,https://iverdesign.com,"Greater Grand Rapids, Michigan Area",Design,2 employees on LinkedIn,18254986
"Delise Design Works, LLC",https://www.linkedin.com/sales/accounts/insights?companyId=18000584,http://DeliseDesignWorks.com,,Design,1 employees on LinkedIn,18000584
Prevail Prototypes,https://www.linkedin.com/sales/accounts/insights?companyId=10678457,http://www.prevailprototypes.com,San Francisco Bay Area,Mechanical or Industrial Engineering,5 employees on LinkedIn,10678457
Sector 5 Design,https://www.linkedin.com/sales/accounts/insights?companyId=420962,,Greater Pittsburgh Area,Design,0 employees on LinkedIn,420962
Revolution Design,https://www.linkedin.com/sales/accounts/insights?companyId=11506004,http://revolutiondesignenterprises.wordpress.com,,Design,1 employees on LinkedIn,11506004
Costello Design,https://www.linkedin.com/sales/accounts/insights?companyId=18594812,http://www.costellodesign.com,"Portland, Oregon Area",Design,1 employees on LinkedIn,18594812
Jolee Nebert Design,https://www.linkedin.com/sales/accounts/insights?companyId=18166137,http://www.joleenebert.com,United States,Design,0 employees on LinkedIn,18166137
Creative Business Design Consultant,https://www.linkedin.com/sales/accounts/insights?companyId=598693,http://www.ericwilmot.com,Greater New York City Area,Design,0 employees on LinkedIn,598693
Bilitz Design Inc.,https://www.linkedin.com/sales/accounts/insights?companyId=1154333,http://www.bilitz.com,Greater Minneapolis-St. Paul Area,Design,2 employees on LinkedIn,1154333
STOUT DESIGN HOUSE,https://www.linkedin.com/sales/accounts/insights?companyId=18247566,http://www.stoutdesignhouse.com,Dallas/Fort Worth Area,Design,1 employees on LinkedIn,18247566
Symmetry Product Design,https://www.linkedin.com/sales/accounts/insights?companyId=6649418,http://symmetrypd.com,United States,Design,0 employees on LinkedIn,6649418
LUCY TUPU LLC,https://www.linkedin.com/sales/accounts/insights?companyId=10608061,http://www.lucytupu.com,,Design,4 employees on LinkedIn,10608061
Source Design International LLC,https://www.linkedin.com/sales/accounts/insights?companyId=11436680,http://www.sourcedesigninternational.com,Greater Pittsburgh Area,Design,1 employees on LinkedIn,11436680
Works Manufacturing,https://www.linkedin.com/sales/accounts/insights?companyId=1212967,http://www.worksmfg.com,Greater New York City Area,Design,2 employees on LinkedIn,1212967
Gaylia Wagner Design,https://www.linkedin.com/sales/accounts/insights?companyId=3271392,http://www.gayliawagnerdesign.com,Washington D.C. Metro Area,Design,1 employees on LinkedIn,3271392
ORDO AB CHAO Design,https://www.linkedin.com/sales/accounts/insights?companyId=17920297,http://www.ordoabchaodesign.com,,Mechanical or Industrial Engineering,3 employees on LinkedIn,17920297
Exotic Interiors,https://www.linkedin.com/sales/accounts/insights?companyId=9696923,http://www.exotic-interiors.com,,Design,14 employees on LinkedIn,9696923
"Motim Industries, Inc.",https://www.linkedin.com/sales/accounts/insights?companyId=3239773,http://motimindustries.com/,,Mechanical or Industrial Engineering,3 employees on LinkedIn,3239773
"Ivy Prototype Manufacturing Co.,Ltd",https://www.linkedin.com/sales/accounts/insights?companyId=10336453,http://www.ivy-prototype.com,,Mechanical or Industrial Engineering,7 employees on LinkedIn,10336453
structureVibe,https://www.linkedin.com/sales/accounts/insights?companyId=1237632,http://www.structureVibe.com,Greater Detroit Area,Design,0 employees on LinkedIn,1237632
SPACECUTTER,https://www.linkedin.com/sales/accounts/insights?companyId=1824079,http://spacecutter.com,Greater NewYork City Area,Design,2 employees on LinkedIn,1824079
Katherine Rupp,https://www.linkedin.com/sales/accounts/insights?companyId=1008137,https://www.linkedin.com/in/ruppkatherine,United States,Design,1 employees on LinkedIn,1008137
Michael DiTullo LLC,https://www.linkedin.com/sales/accounts/insights?companyId=18066275,http://michaelditullo.com,United States,Design,1 employees on LinkedIn,18066275
Three Arrows Design,https://www.linkedin.com/sales/accounts/insights?companyId=11228788,http://www.ThreeArrowsDesign.com,United States,Design,1 employees on LinkedIn,11228788
DSW Cutting,https://www.linkedin.com/sales/accounts/insights?companyId=16199100,http://www.dswcutting.com,"Birmingham, Alabama Area",Mechanical or Industrial Engineering,3 employees on LinkedIn,16199100
LIFTnewyork,https://www.linkedin.com/sales/accounts/insights?companyId=1877402,http://www.liftnewyork.com,GreaterNew York City Area,Design,1 employees on LinkedIn,1877402
IDS GLOBAL,https://www.linkedin.com/sales/accounts/insights?companyId=605078,http://www.idsglobal.us,Greater Atlanta Area,Design,3 employees on LinkedIn,605078
Peer Product Design,https://www.linkedin.com/sales/accounts/insights?companyId=18537734,,United States,Design,1 employees on LinkedIn,18537734
"A2J Group, LLC",https://www.linkedin.com/sales/accounts/insights?companyId=2299226,http://www.a2jgroup.com,GreaterPhiladelphia Area,Design,1 employees on LinkedIn,2299226
Playful Studios,https://www.linkedin.com/sales/accounts/insights?companyId=2117795,http://www.playfulstudios.com,"Phoenix, Arizona Area",Design,1 employees on LinkedIn,2117795
Aproio product engineering/development consultancy for medical device markets and more.,https://www.linkedin.com/sales/accounts/insights?companyId=18070372,http://aproio.com,United States,Mechanical or Industrial Engineering,4 employees on LinkedIn,18070372
LWD - League of Women Designers,https://www.linkedin.com/sales/accounts/insights?companyId=18520667,https://lwdportland.org/,"Portland, Oregon Area",Design,0 employees on LinkedIn,18520667
Chin De Watteville Design Std,https://www.linkedin.com/sales/accounts/insights?companyId=4437856,http://www.chindewatteville.com/,,Design,3 employees on LinkedIn,4437856
tenndo studio,https://www.linkedin.com/sales/accounts/insights?companyId=2400684,http://www.tenndo.com,Greater New York City Area,Design,1 employees on LinkedIn,2400684
Andrew Bowen Designs llc,https://www.linkedin.com/sales/accounts/insights?companyId=10690747,http://www.andrewbowendesigns.com/,Greater Seattle Area,Design,1 employees on LinkedIn,10690747
Regatta Product Development,https://www.linkedin.com/sales/accounts/insights?companyId=16261117,http://www.RegattaPD.com,Dallas/Fort Worth Area,Mechanical or Industrial Engineering,4 employees on LinkedIn,16261117
whys:ideas,https://www.linkedin.com/sales/accounts/insights?companyId=2424754,http://whysideas.com,"Houston, TexasArea",Design,1 employees on LinkedIn,2424754
ACLA studio,https://www.linkedin.com/sales/accounts/insights?companyId=18332556,http://aclastudio.com,Greater LosAngeles Area,Design,2 employees on LinkedIn,18332556
Simon P Edwards Innovations,https://www.linkedin.com/sales/accounts/insights?companyId=4832866,http://www.simonpedwards.com,"Orange County, California Area",Design,1 employees on LinkedIn,4832866
Sprouting Srocket Studio,https://www.linkedin.com/sales/accounts/insights?companyId=3315068,http://www.sproutingsprocket.com,"Santa Barbara, California Area",Design,2 employees on LinkedIn,3315068
"Technical Support, Inc",https://www.linkedin.com/sales/accounts/insights?companyId=1901279,http://www.tech-support-inc.com,"Portland, Maine Area",Design,2 employees on LinkedIn,1901279
ALSheaffer Consulting,https://www.linkedin.com/sales/accounts/insights?companyId=969503,http://www.alsheaffer.com,Greater Los Angeles Area,Mechanical or Industrial Engineering,1 employees on LinkedIn,969503
"Kevin Reilly Collection, LLC",https://www.linkedin.com/sales/accounts/insights?companyId=15564842,http://kevinreillycollection.com,Greater Chicago Area,Design,3 employees on LinkedIn,15564842
Serve PD LLC,https://www.linkedin.com/sales/accounts/insights?companyId=6608571,http://www.servepd.com,San Francisco Bay Area,Mechanical or Industrial Engineering,1 employees on LinkedIn,6608571
Mōdolo,https://www.linkedin.com/sales/accounts/insights?companyId=7943967,http://www.modolo.io,,Design,1 employees on LinkedIn,7943967
Arc34,https://www.linkedin.com/sales/accounts/insights?companyId=11194420,http://www.arc34.com,Washington D.C. Metro Area,Design,3 employees on LinkedIn,11194420
Lange Concepts,https://www.linkedin.com/sales/accounts/insights?companyId=253849,http://www.langeconcepts.com,"Savannah, Georgia Area",Design,1 employees on LinkedIn,253849
CCTRONIC LLC,https://www.linkedin.com/sales/accounts/insights?companyId=16258828,http://www.cctronic.com,"Toledo, Ohio Area",Design,4 employees on LinkedIn,16258828
DSP Electronics Inc,https://www.linkedin.com/sales/accounts/insights?companyId=7971555,http://dspelectronics.com,San Francisco Bay Area,Design,4 employees on LinkedIn,7971555
Charging Champions Robotics,https://www.linkedin.com/sales/accounts/insights?companyId=18204836,http://www.chargingchampions.org,"Orange County, California Area",Mechanical or Industrial Engineering,3 employees on LinkedIn,18204836
Yowzah Baby! Productions,https://www.linkedin.com/sales/accounts/insights?companyId=381372,http://www.yowzah.com,San Francisco Bay Area,Design,1 employees on LinkedIn,381372
Coduro,https://www.linkedin.com/sales/accounts/insights?companyId=6459144,http://coduro.com,"Charlotte, North Carolina Area",Design,2 employees on LinkedIn,6459144
Durham Parks Associates,https://www.linkedin.com/sales/accounts/insights?companyId=566484,http://durhamparks.com,Greater St. Louis Area,Design,1 employees on LinkedIn,566484
Always Good Company,https://www.linkedin.com/sales/accounts/insights?companyId=18085035,http://alwaysgoodcompany.com/,Greater Seattle Area,Design,1 employees on LinkedIn,18085035
X3nostudio,https://www.linkedin.com/sales/accounts/insights?companyId=1315948,http://www.x3nostudio.com,San Francisco Bay Area,Design,1 employees on LinkedIn,1315948
"Bryan Dynamics, Inc.",https://www.linkedin.com/sales/accounts/insights?companyId=4632486,http://www.bryandynamics.com,Miami/Fort Lauderdale Area,Design,1 employees on LinkedIn,4632486
Coconspire Creative,https://www.linkedin.com/sales/accounts/insights?companyId=1791388,http://Coconspire.com,"Jonesboro, Arkansas Area",Design,0 employees on LinkedIn,1791388
Well Made LLC,https://www.linkedin.com/sales/accounts/insights?companyId=16214220,http://wearewellmade.com,Greater Chicago Area,Design,2 employees on LinkedIn,16214220
Day,https://www.linkedin.com/sales/accounts/insights?companyId=10525155,http://Dayandage.us,"New London/Norwich, Connecticut Area",Design,1 employees on LinkedIn,10525155
Innovation Forge,https://www.linkedin.com/sales/accounts/insights?companyId=10230254,http://www.i-forge.co,,Design,0 employees on LinkedIn,10230254
Arbiter Incorporated,https://www.linkedin.com/sales/accounts/insights?companyId=25038996,http://www.arbitertech.com,"Portland, Oregon Area",Design,2 employees on LinkedIn,25038996
studio|basis,https://www.linkedin.com/sales/accounts/insights?companyId=840111,http://www.studiobasis.com,"Orange County, California Area",Design,1 employees on LinkedIn,840111
Epicsteme Inc.,https://www.linkedin.com/sales/accounts/insights?companyId=3220970,http://www.epicsteme.com,,Design,0 employees on LinkedIn,3220970
Olivialand Studio,https://www.linkedin.com/sales/accounts/insights?companyId=18274233,http://olivialand.studio,Greater New York City Area,Design,1 employees on LinkedIn,18274233
Deep Sky Designs,https://www.linkedin.com/sales/accounts/insights?companyId=13222539,http://deepskydesigns.net,San Francisco Bay Area,Design,1 employees on LinkedIn,13222539
"Fizz, LLC",https://www.linkedin.com/sales/accounts/insights?companyId=27194100,http://fizzisnice.com,"Providence, Rhode Island Area",Design,1 employees on LinkedIn,27194100
SO dsgn,https://www.linkedin.com/sales/accounts/insights?companyId=28605143,https://www.instagram.com/so.dsgn/,United States,Design,1 employees on LinkedIn,28605143
Wasabi Robot,https://www.linkedin.com/sales/accounts/insights?companyId=7972613,http://wasabi-robot.com,"Orange County, California Area",Design,1 employees on LinkedIn,7972613
NovaRay Studios LLC,https://www.linkedin.com/sales/accounts/insights?companyId=10602147,http://novaraystudios.com,Greater Denver Area,Design,0 employees on LinkedIn,10602147
Towmill,https://www.linkedin.com/sales/accounts/insights?companyId=280028,,United States,Design,0 employees on LinkedIn,280028
iDcow,https://www.linkedin.com/sales/accounts/insights?companyId=972454,http://www.idcow.net,United States,Design,0 employees on LinkedIn,972454
Shay Studio,https://www.linkedin.com/sales/accounts/insights?companyId=18408925,http://shaystudiocolumbus.com,"Columbus, Ohio Area",Design,1 employees on LinkedIn,18408925
The Mighty Motor,https://www.linkedin.com/sales/accounts/insights?companyId=18145971,https://themightymotor.com,United States,Design,2 employees on LinkedIn,18145971
Welded Works,https://www.linkedin.com/sales/accounts/insights?companyId=11498701,http://www.weldedworks.com,Greater New York City Area,Design,1 employees on LinkedIn,11498701
Formiter,https://www.linkedin.com/sales/accounts/insights?companyId=5289324,http://www.formiter.com,United States,Design,0 employees on LinkedIn,5289324
Creativid LLC,https://www.linkedin.com/sales/accounts/insights?companyId=25023658,http://www.mikebrownideas.com,Greater Denver Area,Design,0 employees on LinkedIn,25023658
ZOOM DSR,https://www.linkedin.com/sales/accounts/insights?companyId=22322675,http://www.zoomdsr.com,"Naples, Florida Area",Design,0 employees on LinkedIn,22322675
SFID LLC,https://www.linkedin.com/sales/accounts/insights?companyId=17904249,http://sfid.design,"Portland, Oregon Area",Design,0 employees on LinkedIn,17904249
Fixate,https://www.linkedin.com/sales/accounts/insights?companyId=18590057,http://markcosta.squarespace.com,San Francisco Bay Area,Design,0 employees on LinkedIn,18590057
jondal/walters,https://www.linkedin.com/sales/accounts/insights?companyId=827288,http://jondalwalters.com,United States,Design,1 employees on LinkedIn,827288
JKeenan Studio,https://www.linkedin.com/sales/accounts/insights?companyId=18265336,http://www.jkeenan.com/design/,Greater Detroit Area,Design,0 employees on LinkedIn,18265336
Design Elevation,https://www.linkedin.com/sales/accounts/insights?companyId=10662534,http://www.elevation.design,Greater Denver Area,Design,2 employees on LinkedIn,10662534
"Sigma Design, Product Design and Engineering",https://www.linkedin.com/sales/accounts/insights?companyId=57014,http://www.sigmadzn.com,"Portland, Oregon Area",Design,194 employees on LinkedIn,57014
Machineart Industrial Design,https://www.linkedin.com/sales/accounts/insights?companyId=3916241,http://www.machineart.com,,Design,1 employees on LinkedIn,3916241
IDF Industrial Design,https://www.linkedin.com/sales/accounts/insights?companyId=6038908,http://www.idf-tn.com/,,Design,0 employees on LinkedIn,6038908
formaSTRATA,https://www.linkedin.com/sales/accounts/insights?companyId=28134291,http://www.formastrata.com,UnitedStates,Design,0 employees on LinkedIn,28134291
ANDesign Lab,https://www.linkedin.com/sales/accounts/insights?companyId=2285706,http://www.andesignlab.com,"OrangeCounty, California Area",Design,14 employees on LinkedIn,2285706
"HS Design, Inc.",https://www.linkedin.com/sales/accounts/insights?companyId=561149,http://www.hs-design.com,Greater New York City Area,Design,37 employees on LinkedIn,561149
MPE-Inc,https://www.linkedin.com/sales/accounts/insights?companyId=492544,http://www.mpe-inc.com,Greater Milwaukee Area,Mechanical or Industrial Engineering,65 employees on LinkedIn,492544
N.S. Industrial,https://www.linkedin.com/sales/accounts/insights?companyId=1115601,http://nsindustrialdesign.com,"St. Cloud, Minnesota Area",Design,3 employees on LinkedIn,1115601
Cesaroni Design Associates,https://www.linkedin.com/sales/accounts/insights?companyId=2064951,http://www.cesaroni.com,Greater Chicago Area,Design,6 employees on LinkedIn,2064951
Crump Industrial Design,https://www.linkedin.com/sales/accounts/insights?companyId=7982983,http://www.crumpindustrialdesign.com/,,Design,1 employees on LinkedIn,7982983
Intent-Design Group,https://www.linkedin.com/sales/accounts/insights?companyId=555176,http://www.intent-design.com,Greater Detroit Area,Design,28 employees on LinkedIn,555176
UX Awards,https://www.linkedin.com/sales/accounts/insights?companyId=5072695,http://UXAwards.org,United States,Design,3 employees on LinkedIn,5072695
"Spark* Creative Group, Inc.",https://www.linkedin.com/sales/accounts/insights?companyId=294478,http://www.sparkfl.com,"West Palm Beach, Florida Area",Design,13 employees on LinkedIn,294478
Karp Electro Mechanical Design Services LLC,https://www.linkedin.com/sales/accounts/insights?companyId=5124673,http://kemds.com,Greater New York City Area,Mechanical or Industrial Engineering,0 employees on LinkedIn,5124673
Produktworks Design,https://www.linkedin.com/sales/accounts/insights?companyId=727367,http://www.produktworksdesign.com,"Austin, Texas Area",Design,6 employees on LinkedIn,727367
Zwettler Engineering,https://www.linkedin.com/sales/accounts/insights?companyId=552732,http://www.zengr.com,United States,Mechanical or Industrial Engineering,2 employees on LinkedIn,552732
"Helix Design, Inc.",https://www.linkedin.com/sales/accounts/insights?companyId=101749,http://www.helixdesign.com,Greater Boston Area,Design,14 employees on LinkedIn,101749
"TriAxial Design and Analysis, Inc.",https://www.linkedin.com/sales/accounts/insights?companyId=385434,http://www.triaxialdesign.com/,Greater San Diego Area,Mechanical or Industrial Engineering,9 employees on LinkedIn,385434
DiMonte Group Inc.,https://www.linkedin.com/sales/accounts/insights?companyId=2560266,http://www.dimontegroup.com,Greater Chicago Area,Design,14 employees on LinkedIn,2560266
Up-Rev Inc.,https://www.linkedin.com/sales/accounts/insights?companyId=3028005,http://www.up-rev.com,"Melbourne, Florida Area",Design,18 employees on LinkedIn,3028005
Solaris Design,https://www.linkedin.com/sales/accounts/insights?companyId=1149660,http://www.solarisid.com,Washington D.C. Metro Area,Design,3 employees on LinkedIn,1149660
Pearl Engineering Corporation,https://www.linkedin.com/sales/accounts/insights?companyId=322864,http://www.PearlEngineering.com,"Wausau, Wisconsin Area",Mechanical or Industrial Engineering,29 employees on LinkedIn,322864
Bilio,https://www.linkedin.com/sales/accounts/insights?companyId=6636389,http://www.biliogroup.com,San Francisco Bay Area,Design,12 employees on LinkedIn,6636389
Thought at Work: Student Design Conference,https://www.linkedin.com/sales/accounts/insights?companyId=2820979,http://www.thoughtatwork.org,"Rochester, New York Area",Design,7 employees on LinkedIn,2820979
Sundberg-Ferar,https://www.linkedin.com/sales/accounts/insights?companyId=108500,http://www.sundbergferar.com,Greater Detroit Area,Design,22 employees on LinkedIn,108500
GHOST WORKS,https://www.linkedin.com/sales/accounts/insights?companyId=6377135,http://ghost-works.com,"Portland, Oregon Area",Design,2 employees on LinkedIn,6377135
Carroll Design,https://www.linkedin.com/sales/accounts/insights?companyId=845430,http://www.carrolldesign.com,Greater Boston Area,Mechanical or Industrial Engineering,11 employees on LinkedIn,845430
Cardboard Helicopter Product Development,https://www.linkedin.com/sales/accounts/insights?companyId=3521963,http://cardboardhelicopter.com/,"Cleveland/Akron, Ohio Area",Design,5 employees on LinkedIn,3521963
TOKEN,https://www.linkedin.com/sales/accounts/insights?companyId=1207797,http://www.tokennyc.com,Greater New YorkCity Area,Design,6 employees on LinkedIn,1207797
Q Factory 33,https://www.linkedin.com/sales/accounts/insights?companyId=18276597,http://www.qfactory33.com,Greater San Diego Area,Mechanical or Industrial Engineering,3 employees on LinkedIn,18276597
Primer Studios,https://www.linkedin.com/sales/accounts/insights?companyId=2785556,http://Primer-studios.com,Greater Los Angeles Area,Design,1 employees on LinkedIn,2785556
product council,https://www.linkedin.com/sales/accounts/insights?companyId=228614,http://www.productcouncil.com,Greater Chicago Area,Design,4 employees on LinkedIn,228614
Neupath LLC,https://www.linkedin.com/sales/accounts/insights?companyId=514463,http://www.neupath.net,"Kokomo, Indiana Area",Design,4 employees on LinkedIn,514463
Impel Studio,https://www.linkedin.com/sales/accounts/insights?companyId=9267925,http://www.impelstudio.com,Greater New York City Area,Design,6 employees on LinkedIn,9267925
b r e a d design group,https://www.linkedin.com/sales/accounts/insights?companyId=811050,http://www.breaddesign.com,United States,Design,9 employees on LinkedIn,811050
One Off Effects LLC.,https://www.linkedin.com/sales/accounts/insights?companyId=3832920,http://www.OneOffEffects.com,Greater Los Angeles Area,Mechanical or Industrial Engineering,2 employees on LinkedIn,3832920
Hybrid Product Design   Dev. Inc.,https://www.linkedin.com/sales/accounts/insights?companyId=1676788,http://www.hybridny.com,Greater New York City Area,Design,0 employees on LinkedIn,1676788
St. John Design Group,https://www.linkedin.com/sales/accounts/insights?companyId=2001725,http://www.stjohndg.com,"Ithaca, New York Area",Design,2 employees on LinkedIn,2001725
CAMP7 Design,https://www.linkedin.com/sales/accounts/insights?companyId=2518487,http://www.camp-7.com,Greater LosAngeles Area,Design,3 employees on LinkedIn,2518487
Modaliti Design,https://www.linkedin.com/sales/accounts/insights?companyId=3086137,http://www.modaliti.com,Greater Salt Lake City Area,Design,4 employees on LinkedIn,3086137
Wooding Design,https://www.linkedin.com/sales/accounts/insights?companyId=416719,http://www.woodingdesign.com,"Providence, Rhode Island Area",Design,4 employees on LinkedIn,416719
Acudyn Incorporated,https://www.linkedin.com/sales/accounts/insights?companyId=1065627,http://www.acudyn.com,"Orlando, Florida Area",Mechanical or Industrial Engineering,0 employees on LinkedIn,1065627
Endesin Corporation,https://www.linkedin.com/sales/accounts/insights?companyId=268079,http://www.endesin.com,"Buffalo/Niagara, New York Area",Mechanical or Industrial Engineering,3 employees on LinkedIn,268079
ippdllc,https://www.linkedin.com/sales/accounts/insights?companyId=3795441,http://www.ippdllc.com,Greater Milwaukee Area,Mechanical or Industrial Engineering,3 employees on LinkedIn,3795441
Coco Raynes Associates,https://www.linkedin.com/sales/accounts/insights?companyId=1888086,http://www.raynesassociates.com,Greater Boston Area,Design,3 employees on LinkedIn,1888086
Merge Engineering,https://www.linkedin.com/sales/accounts/insights?companyId=1917775,http://www.merge3d.com,,Mechanical or Industrial Engineering,0 employees on LinkedIn,1917775
"Product 918, LLC",https://www.linkedin.com/sales/accounts/insights?companyId=2947943,http://www.product918.com,Greater Detroit Area,Design,6 employees on LinkedIn,2947943
Snap Design,https://www.linkedin.com/sales/accounts/insights?companyId=8056481,,,Design,7 employees on LinkedIn,8056481
Hotwire Development,https://www.linkedin.com/sales/accounts/insights?companyId=2565112,http://hotwiredevelopment.com,"Phoenix, Arizona Area",Design,8 employees on LinkedIn,2565112
Innovae LLC,https://www.linkedin.com/sales/accounts/insights?companyId=10783094,http://www.innovaellc.com,GreaterDenver Area,Design,9 employees on LinkedIn,10783094
Sprocket Studio,https://www.linkedin.com/sales/accounts/insights?companyId=1596512,http://www.sprocketstudio.com,Washington D.C. Metro Area,Design,0 employees on LinkedIn,1596512
OTERO Design Studio,https://www.linkedin.com/sales/accounts/insights?companyId=1259193,http://www.otero-d.com,United States,Design,4 employees on LinkedIn,1259193
"People of Resource, llc",https://www.linkedin.com/sales/accounts/insights?companyId=407419,http://peopleofresource.com/,Greater Atlanta Area,Design,3 employees on LinkedIn,407419
Sam H Snyder Design,https://www.linkedin.com/sales/accounts/insights?companyId=2421325,http://www.samhsnyder.com,Greater New York City Area,Design,1 employees on LinkedIn,2421325
ARCADIA designworks,https://www.linkedin.com/sales/accounts/insights?companyId=686191,http://www.arcadiadesignworks.com,"Portland, Maine Area",Design,3 employees on LinkedIn,686191
Art-Tronics,https://www.linkedin.com/sales/accounts/insights?companyId=3212120,http://www.art-tronics.com,"Richmond, Virginia Area",Design,0 employees on LinkedIn,3212120
Dunes Design,https://www.linkedin.com/sales/accounts/insights?companyId=1130061,http://www.dunesdesign.com,UnitedStates,Design,0 employees on LinkedIn,1130061
Svveet Design,https://www.linkedin.com/sales/accounts/insights?companyId=1026038,http://www.svveetdesign.com,"Cleveland/Akron, Ohio Area",Design,1 employees on LinkedIn,1026038
M80 inc.,https://www.linkedin.com/sales/accounts/insights?companyId=627034,http://www.m80inc.com,"Cincinnati, OhioArea",Design,3 employees on LinkedIn,627034
Upstream Design,https://www.linkedin.com/sales/accounts/insights?companyId=619633,http://upstreamdesign.net,"Buffalo/Niagara, New York Area",Design,1 employees on LinkedIn,619633
Gati Design,https://www.linkedin.com/sales/accounts/insights?companyId=18390453,http://www.gatidesign.com/,Greater Seattle Area,Design,1 employees on LinkedIn,18390453
studioFAR,https://www.linkedin.com/sales/accounts/insights?companyId=2758388,http://www.studioFAR.com,San Francisco Bay Area,Design,1 employees on LinkedIn,2758388
GinnDesign Product Development,https://www.linkedin.com/sales/accounts/insights?companyId=540861,http://www.ginndesign.com/,"Raleigh-Durham, North Carolina Area",Design,1 employees on LinkedIn,540861
Trapezoid Product Design and Development,https://www.linkedin.com/sales/accounts/insights?companyId=10347151,http://www.trapezoid.design,Greater Minneapolis-St. Paul Area,Design,1 employees on LinkedIn,10347151
"Julius Barth and Associates, Inc.",https://www.linkedin.com/sales/accounts/insights?companyId=637783,http://www.juliusbarth.com,"Elkhart, Indiana Area",Design,4 employees on LinkedIn,637783
Kuatro Design Studio,https://www.linkedin.com/sales/accounts/insights?companyId=22338860,http://kuatrostudio.com,Miami/Fort Lauderdale Area,Design,1 employees on LinkedIn,22338860
I-Draw Design,https://www.linkedin.com/sales/accounts/insights?companyId=9204808,http://www.I-DrawDesign.com,"WestPalm Beach, Florida Area",Design,0 employees on LinkedIn,9204808
Zaic Design LLC,https://www.linkedin.com/sales/accounts/insights?companyId=13687113,http://www.zaicdesign.com,United States,Design,1 employees on LinkedIn,13687113
Eldon Design Associates,https://www.linkedin.com/sales/accounts/insights?companyId=650450,http://EldonDesignAssociates.com,Greater Philadelphia Area,Design,2 employees on LinkedIn,650450
Avant Design Group,https://www.linkedin.com/sales/accounts/insights?companyId=11571036,https://avantdesign.group,"Providence, Rhode Island Area",Design,1 employees on LinkedIn,11571036
"Altitude Unlimited Design, LLC",https://www.linkedin.com/sales/accounts/insights?companyId=1065533,http://www.altitudeunlimiteddesign.com,Greater Denver Area,Design,0 employees on LinkedIn,1065533
Jack Waller Design,https://www.linkedin.com/sales/accounts/insights?companyId=2866284,http://JackWallerDesign.com,,Design,0 employees on LinkedIn,2866284
Gordon Randall Perry Design,https://www.linkedin.com/sales/accounts/insights?companyId=3915687,http://www.grpd.com,,Design,1 employees on LinkedIn,3915687
Office for Design,https://www.linkedin.com/sales/accounts/insights?companyId=28645720,,Greater New York City Area,Design,1 employees on LinkedIn,28645720
"Iteration, Inc.",https://www.linkedin.com/sales/accounts/insights?companyId=437317,http://www.studioiteration.com,Greater Chicago Area,Design,1 employees on LinkedIn,437317
Lukas Yates Design,https://www.linkedin.com/sales/accounts/insights?companyId=1169844,http://www.lukasyatesdesign.com,"Charlotte, North Carolina Area",Design,1 employees on LinkedIn,1169844
James Reed Design,https://www.linkedin.com/sales/accounts/insights?companyId=10472166,http://www.jamesreeddesign.com/,Greater New York City Area,Design,0 employees on LinkedIn,10472166
m0xy,https://www.linkedin.com/sales/accounts/insights?companyId=4846055,http://m0xy.com,San Francisco Bay Area,Design,5 employees on LinkedIn,4846055
blueoculus,https://www.linkedin.com/sales/accounts/insights?companyId=2480745,http://www.blueoculus.com,Greater San Diego Area,Design,2 employees on LinkedIn,2480745
"Environmental Designworks, LLC",https://www.linkedin.com/sales/accounts/insights?companyId=461792,http://sinkpositive.com,"Greater Nashville Area, TN",Design,3 employees on LinkedIn,461792
ICG inc.,https://www.linkedin.com/sales/accounts/insights?companyId=17894893,http://www.icg-intl.com,"Orange County, California Area",Design,10 employees on LinkedIn,17894893
Instinct LLC,https://www.linkedin.com/sales/accounts/insights?companyId=2289224,http://www.TheHumanInstinct.com,"Kansas City, Missouri Area",Design,1 employees on LinkedIn,2289224
Red Freckles,https://www.linkedin.com/sales/accounts/insights?companyId=1712258,http://www.redfreckles.com,UnitedStates,Design,1 employees on LinkedIn,1712258
I D Workshop,https://www.linkedin.com/sales/accounts/insights?companyId=6297452,http://www.idwportland.com/,,Design,11 employees on LinkedIn,6297452
DesignStein Studios,https://www.linkedin.com/sales/accounts/insights?companyId=18121229,http://www.DesignSteinStudios.com,"Orange County, California Area",Design,1 employees on LinkedIn,18121229
GMD-Gregg Miner Development,https://www.linkedin.com/sales/accounts/insights?companyId=4871640,http://www.gmdevelop.com,San Francisco Bay Area,Design,0 employees on LinkedIn,4871640
Mono llc,https://www.linkedin.com/sales/accounts/insights?companyId=18346258,http://www.monopd.com,,Design,1 employees on LinkedIn,18346258
Advanced Functional Solutions,https://www.linkedin.com/sales/accounts/insights?companyId=25005622,http://AFSOLUTIONSGROUP.COM,Greater Denver Area,Mechanical or Industrial Engineering,0 employees on LinkedIn,25005622
SourceSync,https://www.linkedin.com/sales/accounts/insights?companyId=2811697,http://srcsync.com,Greater Chicago Area,Mechanical or Industrial Engineering,2 employees on LinkedIn,2811697
Radnall,https://www.linkedin.com/sales/accounts/insights?companyId=5271261,http://www.radnall.com,Greater New York City Area,Design,1 employees on LinkedIn,5271261
Design Allegro,https://www.linkedin.com/sales/accounts/insights?companyId=6489899,http://www.designallegro.com/,,Design,1 employees on LinkedIn,6489899
Neely Industrial Design,https://www.linkedin.com/sales/accounts/insights?companyId=4099435,,,Design,1 employees on LinkedIn,4099435
Mark Kurth Industrial Design,https://www.linkedin.com/sales/accounts/insights?companyId=6214006,,,Design,0 employees on LinkedIn,6214006
"J. Schweickart, LLC",https://www.linkedin.com/sales/accounts/insights?companyId=11326995,https://jschweickart.com/,"Lima, Ohio Area",Design,0 employees on LinkedIn,11326995
Insync Design,https://www.linkedin.com/sales/accounts/insights?companyId=117624,http://www.insyncdesign.com,Greater New York City Area,Design,12 employees on LinkedIn,117624
Knight Engineering Solutions LLC,https://www.linkedin.com/sales/accounts/insights?companyId=25647745,http://i-solids.com,"Houston, Texas Area",Design,1 employees on LinkedIn,25647745
Quick Models,https://www.linkedin.com/sales/accounts/insights?companyId=5290028,http://www.quickmodels.net,"Houston, Texas Area",Mechanical or Industrial Engineering,1 employees on LinkedIn,5290028
OCTANE Product Design,https://www.linkedin.com/sales/accounts/insights?companyId=3832687,http://www.OCTANEproductdesign.com,,Design,3 employees on LinkedIn,3832687
level design SF,https://www.linkedin.com/sales/accounts/insights?companyId=15207367,http://leveldesignsf.com,San Francisco Bay Area,Design,5 employees on LinkedIn,15207367
richard clarkson studio,https://www.linkedin.com/sales/accounts/insights?companyId=3176632,http://richardclarkson.com/,Greater New York City Area,Design,5 employees on LinkedIn,3176632
KAALO,https://www.linkedin.com/sales/accounts/insights?companyId=3278973,http://www.kaalo.com,"Austin, Texas Area",Design,18 employees on LinkedIn,3278973
Codesign,https://www.linkedin.com/sales/accounts/insights?companyId=267756,http://www.codesignco.com,Greater Boston Area,Design,6 employees on LinkedIn,267756
Quntz design,https://www.linkedin.com/sales/accounts/insights?companyId=619757,http://www.quntz.com,United States,Design,2 employees on LinkedIn,619757
imz-design,https://www.linkedin.com/sales/accounts/insights?companyId=3641370,http://www.imz-design.com,San Francisco Bay Area,Design,2 employees on LinkedIn,3641370
J-2 Creative,https://www.linkedin.com/sales/accounts/insights?companyId=2785530,http://www.j-2creative.com,,Design,1 employees on LinkedIn,2785530
Ratio Product Lab,https://www.linkedin.com/sales/accounts/insights?companyId=3651489,http://www.ratio.com,,Design,4 employees on LinkedIn,3651489
Bayley.Co,https://www.linkedin.com/sales/accounts/insights?companyId=2062869,http://www.bayley.co,San Francisco Bay Area,Design,1 employees on LinkedIn,2062869
"Rusay Design, LLC.",https://www.linkedin.com/sales/accounts/insights?companyId=2115446,http://www.rusaydesign.com,Greater Los Angeles Area,Design,0 employees on LinkedIn,2115446
BootCat Design LLC,https://www.linkedin.com/sales/accounts/insights?companyId=7969036,http://WWW.BootCat.design,Greater Seattle Area,Design,1 employees on LinkedIn,7969036
Groupe Brandonology,https://www.linkedin.com/sales/accounts/insights?companyId=470438,http://www.brandonology.com,Greater New York City Area,Design,0 employees on LinkedIn,470438
RSVR visual research,https://www.linkedin.com/sales/accounts/insights?companyId=2879927,http://www.rs-vr.com,Greater Seattle Area,Design,2 employees on LinkedIn,2879927
Monkey Syndicate,https://www.linkedin.com/sales/accounts/insights?companyId=378993,http://www.monkeysyndicate.com,"Orange County, California Area",Design,1 employees on LinkedIn,378993
Nonfiction LLC,https://www.linkedin.com/sales/accounts/insights?companyId=17947639,http://www.nonfiction.design,,Design,9 employees on LinkedIn,17947639
A T Associates,https://www.linkedin.com/sales/accounts/insights?companyId=1835318,http://atadesign.net,Greater Boston Area,Design,2 employees on LinkedIn,1835318
Computer Lounge Inc.,https://www.linkedin.com/sales/accounts/insights?companyId=375313,http://www.computerloungeinc.com,Greater Chicago Area,Design,1 employees on LinkedIn,375313
maker llc,https://www.linkedin.com/sales/accounts/insights?companyId=24996627,http://www.maker-llc.com,United States,Design,4 employees on LinkedIn,24996627
Kroll Assoc,https://www.linkedin.com/sales/accounts/insights?companyId=4356067,http://www.krollassoc.com/,,Design,0 employees on LinkedIn,4356067
"Ensign Studios, LLC",https://www.linkedin.com/sales/accounts/insights?companyId=9474321,http://www.ensignstudios.com,,Design,1 employees on LinkedIn,9474321
Pensar Development,https://www.linkedin.com/sales/accounts/insights?companyId=131084,http://www.pensardevelopment.com,Greater Seattle Area,Design,70 employees on LinkedIn,131084
Pip Tompkin Studio,https://www.linkedin.com/sales/accounts/insights?companyId=1941948,http://www.piptompkin.com,Greater Los Angeles Area,Design,9 employees on LinkedIn,1941948
dashdot,https://www.linkedin.com/sales/accounts/insights?companyId=404607,http://www.dashdot.com,Greater Los Angeles Area,Design,3 employees on LinkedIn,404607
Dyal and Partners,https://www.linkedin.com/sales/accounts/insights?companyId=441099,http://www.dyalpartners.com,"Austin, Texas Area",Design,3 employees on LinkedIn,441099
Black Design News Network,https://www.linkedin.com/sales/accounts/insights?companyId=794869,http://www.blackdesignnews.com,United States,Design,0 employees on LinkedIn,794869
BOTHAM | DESIGN,https://www.linkedin.com/sales/accounts/insights?companyId=672533,http://www.bothamdesign.com,Greater Chicago Area,Design,1 employees on LinkedIn,672533
Cubic VR,https://www.linkedin.com/sales/accounts/insights?companyId=10878886,http://cubic.cool,Greater Atlanta Area,Design,3 employees on LinkedIn,10878886
Rabbit Product Design,https://www.linkedin.com/sales/accounts/insights?companyId=18072961,https://www.rabbitproductdesign.com/home?utm_source&#61;LinkedIn&amp;utm_campaign&#61;Home&amp;utm_content&#61;Rabbit,San Francisco Bay Area,Mechanical or Industrial Engineering,4 employees on LinkedIn,18072961
Leadoff Studio,https://www.linkedin.com/sales/accounts/insights?companyId=11051728,http://leadoffstudio.com/,,Design,2 employees on LinkedIn,11051728
Witchey Designs,https://www.linkedin.com/sales/accounts/insights?companyId=678038,http://witcheydesigns.com,"Oklahoma City, Oklahoma Area",Design,1 employees on LinkedIn,678038
FNKSHN,https://www.linkedin.com/sales/accounts/insights?companyId=894532,http://FNKSHN.com,Greater Salt Lake CityArea,Design,0 employees on LinkedIn,894532
"American Innovative, LLC",https://www.linkedin.com/sales/accounts/insights?companyId=773863,http://www.americaninnovative.com/,Greater Boston Area,Design,0 employees on LinkedIn,773863
SPARCREATIVE,https://www.linkedin.com/sales/accounts/insights?companyId=355978,http://www.sparcreative.com,Greater Seattle Area,Design,0 employees on LinkedIn,355978
Fuzion Design Inc.,https://www.linkedin.com/sales/accounts/insights?companyId=1522634,http://www.fuziondesign.com,"Providence, Rhode Island Area",Design,12 employees on LinkedIn,1522634
"Innovative Global Solutions, LLC",https://www.linkedin.com/sales/accounts/insights?companyId=1147058,http://www.innovativeglobalsolutions.com,"Syracuse, New York Area",Design,5 employees on LinkedIn,1147058
MAKERS Product Development Inc,https://www.linkedin.com/sales/accounts/insights?companyId=508853,http://www.makerspd.com,Greater Boston Area,Design,0 employees on LinkedIn,508853
studioEberle,https://www.linkedin.com/sales/accounts/insights?companyId=1783413,http://studioEberle.com,,Design,1 employees on LinkedIn,1783413
Kinetic Vision,https://www.linkedin.com/sales/accounts/insights?companyId=1106624,http://www.kinetic-vision.com,"Cincinnati, Ohio Area",Design,94 employees on LinkedIn,1106624
Embedded Engineering Group,https://www.linkedin.com/sales/accounts/insights?companyId=800086,http://embeddedengineeringgroup.com,United States,Design,1 employees on LinkedIn,800086
Dison Design,https://www.linkedin.com/sales/accounts/insights?companyId=24975122,,"Indianapolis, Indiana Area",Design,1 employees on LinkedIn,24975122
Dolecek DesignWorks,https://www.linkedin.com/sales/accounts/insights?companyId=25058933,http://www.dolecekdesignworks.com,"Austin, Texas Area",Mechanical or Industrial Engineering,1 employees on LinkedIn,25058933
agency design,https://www.linkedin.com/sales/accounts/insights?companyId=27063105,http://www.designwithagency.com,Greater Chicago Area,Design,2 employees on LinkedIn,27063105
Infinite Mind Designs,https://www.linkedin.com/sales/accounts/insights?companyId=9191826,http://www.InfiniteMindDesigns.com,"Norfolk, Virginia Area",Design,1 employees on LinkedIn,9191826
Siero Design LLC,https://www.linkedin.com/sales/accounts/insights?companyId=833468,http://www.sierodesign.com,"Hartford, Connecticut Area",Design,5 employees on LinkedIn,833468
Engineering FX,https://www.linkedin.com/sales/accounts/insights?companyId=570765,http://engineeringfx.com,San Francisco Bay Area,Design,1 employees on LinkedIn,570765
devnanidelaney LLC,https://www.linkedin.com/sales/accounts/insights?companyId=522721,http://www.devdeldesign.com,Greater Detroit Area,Design,3 employees on LinkedIn,522721
Modern Craft NYC,https://www.linkedin.com/sales/accounts/insights?companyId=5168487,http://www.moderncraftnyc.com,United States,Design,0 employees on LinkedIn,5168487
"Third Boxcar, LLC",https://www.linkedin.com/sales/accounts/insights?companyId=364458,http://www.thirdboxcar.com,Greater Seattle Area,Design,2 employees on LinkedIn,364458
"CreatID, Inc.",https://www.linkedin.com/sales/accounts/insights?companyId=2168539,http://www.creatid.com,"Portland,Oregon Area",Design,1 employees on LinkedIn,2168539
Vanessa Hirschowitz Architectural Design,https://www.linkedin.com/sales/accounts/insights?companyId=9224345,http://www.vh-ad.com,,Design,1 employees on LinkedIn,9224345
Five B Product Design and Development,https://www.linkedin.com/sales/accounts/insights?companyId=3596836,http://fivebdesign.com,Greater Los Angeles Area,Design,1 employees on LinkedIn,3596836
Switch Creatives,https://www.linkedin.com/sales/accounts/insights?companyId=5241687,http://switchcreatives.com,"Melbourne, Florida Area",Design,3 employees on LinkedIn,5241687
Steamed Artichoke Studio,https://www.linkedin.com/sales/accounts/insights?companyId=3593069,http://www.nataliehansen.com,United States,Design,1 employees on LinkedIn,3593069
Pragmatc Innovation,https://www.linkedin.com/sales/accounts/insights?companyId=18091341,http://www.pragmatc.com,Greater Boston Area,Design,3 employees on LinkedIn,18091341
Astroted,https://www.linkedin.com/sales/accounts/insights?companyId=27054422,http://www.astroted.com,Miami/Fort Lauderdale Area,Design,8 employees on LinkedIn,27054422
Dang La Architecture,https://www.linkedin.com/sales/accounts/insights?companyId=9223471,http://www.dlahouston.com,"Houston, Texas Area",Design,3 employees on LinkedIn,9223471
i3D,https://www.linkedin.com/sales/accounts/insights?companyId=10252784,,San Francisco Bay Area,Mechanical or Industrial Engineering,1 employees on LinkedIn,10252784
Créa Inc Design LTD,https://www.linkedin.com/sales/accounts/insights?companyId=1830644,http://www.creaincdesign.com,United States,Design,2 employees on LinkedIn,1830644